{"loss": 0.3413241505622864, "accuracy": 0.8374999761581421}