{"loss": 0.4916216731071472, "accuracy": 0.8062499761581421}